feat1,feat2,feat3,feat4,label
0.4377,0.4125,0.4748,0.4568,0
0.4822,0.7383,0.7714,0.3936,1
0.3415,0.4149,0.4485,0.5856,0
0.1644,0.4994,0.6559,0.6033,0
0.2525,0.6946,0.7328,0.3551,0
0.5168,0.7491,0.508,0.4232,0
0.5857,0.5683,0.3895,0.3956,0
0.5372,0.7018,0.7328,0.6863,1
0.398,0.8865,0.5274,0.604,1
0.5307,0.7092,0.7597,0.6152,1
0.4754,0.4229,0.4558,0.4822,0
0.1951,0.5163,0.3953,0.4764,0
0.4461,0.5823,0.5248,0.4444,0
0.281,0.8682,0.6586,0.6277,1
0.2387,0.7645,0.4263,0.5215,0
0.6078,0.7199,0.6155,0.6614,1
0.5426,0.7879,0.4585,0.3607,0
0.3061,0.5337,0.4501,0.7791,0
0.5594,0.5572,0.6638,0.5269,1
0.5774,0.6292,0.4767,0.4578,0
0.4193,0.5312,0.6305,0.7568,1
0.3472,0.5094,0.829,0.5777,0
0.2092,0.4233,0.4031,0.6314,0
0.5256,0.6108,0.3813,0.5177,0
0.6182,0.6643,0.8173,0.7376,1
0.176,0.76,0.6787,0.5881,0
0.2917,0.7201,0.4053,0.5406,0
0.3767,0.8765,0.7725,0.4612,1
0.3986,0.4889,0.7905,0.7399,1
0.3084,0.719,0.645,0.4093,0
0.5181,0.6692,0.7268,0.5824,1
0.1761,0.5616,0.3627,0.7652,0
0.5721,0.8153,0.5012,0.3639,0
0.5726,0.8729,0.395,0.5603,1
0.2094,0.7797,0.7218,0.3953,0
0.393,0.6743,0.4817,0.737,0
0.3704,0.5052,0.6136,0.6708,0
0.2713,0.5552,0.8327,0.6335,0
0.3788,0.658,0.4134,0.4373,0
0.3346,0.6934,0.4661,0.4347,0
0.2152,0.7147,0.4658,0.7493,0
0.5709,0.4346,0.4704,0.64,0
0.2813,0.4652,0.8055,0.5944,0
0.3985,0.7914,0.7443,0.4187,1
0.2302,0.6145,0.5603,0.5454,0
0.5155,0.7356,0.8296,0.3753,1
0.3694,0.5686,0.7711,0.4438,0
0.2747,0.6232,0.5603,0.457,0
0.3023,0.8604,0.5707,0.7245,1
0.4384,0.4241,0.8379,0.7123,1
0.6276,0.8619,0.7659,0.4036,1
0.4109,0.5055,0.5513,0.3535,0
0.3638,0.8913,0.4863,0.6866,1
0.3988,0.6101,0.8188,0.7833,1
0.445,0.7577,0.4338,0.4613,0
0.6316,0.688,0.62,0.6683,1
0.2223,0.6905,0.6013,0.7159,0
0.2682,0.8787,0.3987,0.4085,0
0.4659,0.7359,0.4733,0.3776,0
0.5996,0.5213,0.646,0.6068,1
0.3885,0.69,0.6118,0.7512,1
0.2926,0.7562,0.4757,0.5027,0
0.5037,0.548,0.5131,0.6659,0
0.2349,0.6271,0.8408,0.7777,1
0.2361,0.5045,0.4891,0.7482,0
0.6003,0.8375,0.5393,0.3908,1
0.58,0.7495,0.6558,0.7718,1
0.4999,0.4016,0.7546,0.4548,0
0.5049,0.8671,0.427,0.3696,0
0.2554,0.6742,0.4935,0.5941,0
0.531,0.4993,0.6674,0.4367,0
0.4287,0.8501,0.7693,0.3571,1
0.4003,0.5357,0.3651,0.6688,0
0.4972,0.5282,0.7194,0.5672,1
0.4038,0.402,0.3999,0.7191,0
0.6189,0.6699,0.7645,0.5802,1
0.2796,0.4608,0.5121,0.7251,0
0.5721,0.8273,0.7958,0.4076,1
0.3269,0.4483,0.7389,0.7171,0
0.3983,0.7071,0.4388,0.7375,0
0.6053,0.8848,0.754,0.7146,1
0.2282,0.7649,0.5244,0.7367,0
0.5789,0.8286,0.7543,0.4306,1
0.573,0.4505,0.7839,0.7022,1
0.3196,0.8047,0.5864,0.447,0
0.5783,0.5101,0.377,0.3949,0
0.3689,0.8284,0.8299,0.4338,1
0.5106,0.596,0.8369,0.5514,1
0.6455,0.4537,0.8319,0.3863,1
0.6568,0.5287,0.4183,0.5034,0
0.5523,0.5527,0.6573,0.5381,1
0.3986,0.684,0.4888,0.6283,0
0.2268,0.8584,0.6251,0.6325,1
0.5607,0.7309,0.5416,0.3332,0
0.5266,0.5606,0.5176,0.6904,0
0.5524,0.5455,0.5155,0.4876,0
0.4104,0.5431,0.4283,0.4925,0
0.6533,0.7338,0.8006,0.5815,1
0.3664,0.669,0.3676,0.4298,0
0.4252,0.685,0.6818,0.511,1
0.4315,0.5017,0.5948,0.711,0
0.5916,0.4796,0.4085,0.5329,0
0.519,0.5623,0.7607,0.6407,1
0.5377,0.5069,0.4636,0.3058,0
0.346,0.632,0.776,0.3274,0
0.4231,0.7092,0.4615,0.6136,0
0.4599,0.5162,0.6832,0.2951,0
0.5761,0.7792,0.4195,0.4875,0
0.3182,0.873,0.6171,0.3144,0
0.352,0.8181,0.5877,0.6593,1
0.541,0.8877,0.6545,0.727,1
0.6426,0.7,0.714,0.5215,1
0.616,0.6675,0.7995,0.6307,1
0.4566,0.5231,0.4876,0.5813,0
0.5885,0.654,0.6698,0.4137,1
0.2795,0.5361,0.4995,0.4337,0
0.4885,0.4623,0.4801,0.6052,0
0.5641,0.4251,0.5648,0.5349,0
0.4341,0.4963,0.5709,0.7009,0
0.5107,0.7405,0.7805,0.6362,1
0.4198,0.3956,0.5382,0.6299,0
0.6335,0.8692,0.5706,0.6265,1
0.496,0.694,0.4753,0.3829,0
0.4472,0.4068,0.5309,0.5937,0
0.4338,0.4746,0.5939,0.3394,0
0.5327,0.4055,0.5588,0.5396,0
0.2656,0.7132,0.4348,0.4917,0
0.2769,0.5813,0.4713,0.429,0
0.5976,0.5812,0.7307,0.6607,1
0.3693,0.4324,0.3791,0.5254,0
0.7066,0.5663,0.6819,0.636,1
0.5507,0.7683,0.8257,0.3676,1
0.2674,0.4673,0.4305,0.5832,0
0.5128,0.4999,0.7056,0.6273,1
0.3353,0.6944,0.7289,0.3266,0
0.6293,0.873,0.4218,0.285,0
0.4017,0.7292,0.8299,0.455,1
0.5839,0.4284,0.7015,0.5604,1
0.3088,0.7765,0.7781,0.5473,1
0.3182,0.882,0.7457,0.4302,1
0.4573,0.5753,0.6129,0.4267,0
0.6476,0.801,0.4207,0.711,1
0.5521,0.804,0.7095,0.4687,1
0.5971,0.8723,0.4996,0.6395,1
0.5098,0.6311,0.5791,0.6033,1
0.3892,0.8151,0.7687,0.3062,1
0.666,0.511,0.593,0.5464,1
0.4406,0.4033,0.7784,0.3486,0
0.3663,0.7877,0.5333,0.6692,1
0.5871,0.5268,0.3748,0.6996,0
0.3109,0.7485,0.6044,0.6116,0
0.5839,0.7113,0.6055,0.6269,1
0.3158,0.499,0.7019,0.4023,0
0.5364,0.6247,0.6247,0.4565,0
0.6111,0.5533,0.7071,0.3846,1
0.3894,0.4481,0.4622,0.3143,0
0.5182,0.7687,0.4586,0.3582,0
0.4957,0.7497,0.8384,0.4992,1
0.4059,0.4375,0.4628,0.3619,0
0.3601,0.3942,0.6259,0.3827,0
0.7186,0.6636,0.7043,0.3139,1
0.6717,0.6322,0.7884,0.5192,1
0.4929,0.6068,0.4579,0.278,0
0.7059,0.6253,0.764,0.438,1
0.3166,0.701,0.395,0.3216,0
0.5373,0.538,0.8463,0.3067,0
0.6288,0.6891,0.7487,0.3553,1
0.5207,0.611,0.5816,0.6465,1
0.7318,0.5383,0.6671,0.5305,1
0.6201,0.8592,0.4687,0.3465,1
0.585,0.4638,0.4523,0.2832,0
0.2898,0.6103,0.6538,0.3819,0
0.3935,0.7384,0.7061,0.4561,1
0.5994,0.8467,0.7468,0.534,1
0.5884,0.8514,0.5726,0.4963,1
0.5831,0.8386,0.7652,0.2779,1
0.3671,0.538,0.7278,0.5062,0
0.423,0.4462,0.6988,0.5655,0
0.7181,0.6341,0.6051,0.2799,1
0.3126,0.5997,0.5227,0.3574,0
0.3365,0.8644,0.7692,0.5061,1
0.7241,0.8831,0.6905,0.3647,1
0.3151,0.7613,0.5935,0.5397,0
0.71,0.4737,0.6485,0.5313,1
0.5198,0.4284,0.5345,0.3919,0
0.6008,0.8114,0.5257,0.5569,1
0.4297,0.855,0.7577,0.4901,1
0.5054,0.5394,0.5223,0.6827,0
0.4834,0.6393,0.8413,0.5382,1
0.5464,0.5884,0.4569,0.4013,0
0.6434,0.6943,0.7315,0.3278,1
0.5509,0.8453,0.5769,0.5546,1
0.3591,0.8678,0.6587,0.3428,0
0.3765,0.6565,0.6314,0.2748,0
0.7525,0.8373,0.5876,0.2853,1
0.6812,0.6298,0.71,0.4646,1
0.4305,0.7978,0.8364,0.3419,1
0.5563,0.572,0.8082,0.4628,1
0.7047,0.8121,0.4981,0.5917,1
0.4964,0.847,0.6091,0.605,1
0.4377,0.5289,0.6469,0.6863,0
0.5315,0.4538,0.6236,0.3848,0
0.5603,0.651,0.5835,0.3734,0
0.3976,0.7278,0.6392,0.332,0
0.6624,0.4007,0.722,0.5483,1
0.6793,0.5717,0.6829,0.6007,1
0.7562,0.6261,0.382,0.4534,0
0.5812,0.8131,0.7836,0.4242,1
0.553,0.6065,0.7106,0.4095,1
0.6117,0.455,0.589,0.666,1
0.4702,0.724,0.6754,0.6112,1
0.7021,0.8071,0.5457,0.3643,1
0.6427,0.7569,0.7818,0.2344,1
0.3508,0.6925,0.8049,0.676,1
0.6568,0.5937,0.4099,0.5079,0
0.7141,0.5984,0.6956,0.6312,1
0.3429,0.7744,0.5031,0.3873,0
0.3884,0.6417,0.6337,0.5787,0
0.4001,0.4154,0.7799,0.4985,0
0.4327,0.8321,0.4303,0.4248,0
0.4394,0.5031,0.3659,0.582,0
0.7313,0.714,0.437,0.4143,1
0.482,0.6688,0.6677,0.4056,0
0.4398,0.7974,0.4564,0.3866,0
0.5454,0.4932,0.6351,0.4733,0
0.7754,0.5219,0.8297,0.5109,1
0.4529,0.6571,0.6893,0.5499,1
0.3522,0.6771,0.5983,0.6225,0
0.4596,0.7731,0.651,0.3679,0
0.618,0.6839,0.6847,0.5367,1
0.6289,0.7924,0.6607,0.6199,1
0.6238,0.5274,0.5705,0.4702,0
0.6632,0.4178,0.5003,0.5467,0
0.4134,0.4386,0.6173,0.649,0
0.574,0.829,0.7568,0.3195,1
0.7069,0.613,0.745,0.544,1
0.4889,0.4294,0.8198,0.2646,0
0.7721,0.8016,0.705,0.6498,1
0.7732,0.7736,0.5327,0.562,1
0.3449,0.6394,0.5751,0.507,0
0.6418,0.6631,0.7513,0.6293,1
0.3887,0.4875,0.3683,0.6027,0
0.5933,0.828,0.4623,0.2243,0
0.7121,0.8248,0.5008,0.3823,1
0.405,0.843,0.5016,0.4203,0
0.3865,0.8133,0.4203,0.4016,0
0.6452,0.741,0.809,0.385,1
0.6782,0.4464,0.5538,0.237,0
0.5651,0.573,0.8111,0.2057,0
0.5123,0.5904,0.8103,0.5834,1
0.391,0.7113,0.6151,0.6389,1
0.5083,0.5672,0.4446,0.2446,0
0.7292,0.5953,0.6713,0.4828,1
0.617,0.3784,0.7305,0.2989,0
0.4057,0.6497,0.3855,0.538,0
0.4429,0.4751,0.7697,0.3364,0
0.4168,0.8172,0.3533,0.5794,0
0.4162,0.4317,0.4719,0.264,0
0.6492,0.3793,0.3584,0.5464,0
0.4595,0.528,0.4346,0.2063,0
0.6869,0.6289,0.7086,0.4005,1
0.7039,0.6223,0.4027,0.4124,0
0.7799,0.3871,0.726,0.5787,1
0.5898,0.5941,0.8124,0.2071,0
0.5713,0.5657,0.6787,0.4039,0
0.7658,0.4013,0.3878,0.4574,0
0.3867,0.5018,0.6526,0.4291,0
0.5041,0.8614,0.603,0.3848,1
0.6309,0.4134,0.6849,0.5676,1
0.6521,0.748,0.6937,0.2734,1
0.563,0.4775,0.51,0.3824,0
0.5477,0.4106,0.5518,0.4789,0
0.5296,0.4391,0.7897,0.2031,0
0.7361,0.4091,0.3926,0.5113,0
0.7278,0.6404,0.6274,0.429,1
0.5115,0.423,0.5153,0.4759,0
0.7014,0.7957,0.6913,0.6146,1
0.6346,0.5372,0.6222,0.2662,0
0.6606,0.4732,0.3964,0.5564,0
0.5312,0.7421,0.6197,0.5381,1
0.7467,0.8478,0.7366,0.4483,1
0.6563,0.3734,0.7893,0.5468,1
0.4881,0.4502,0.6803,0.3066,0
0.5213,0.3628,0.7601,0.4242,0
0.5494,0.4304,0.6461,0.177,0
0.7054,0.4667,0.5434,0.3189,0
0.5369,0.7197,0.7143,0.4225,1
0.4092,0.3849,0.4166,0.4448,0
0.6749,0.4944,0.6584,0.3832,0
0.5712,0.4946,0.7027,0.2114,0
0.5664,0.4994,0.6656,0.3821,0
0.6738,0.3802,0.5292,0.4332,0
0.3777,0.5079,0.4405,0.2198,0
0.4898,0.521,0.3424,0.4996,0
0.4545,0.5467,0.676,0.3853,0
0.7511,0.7594,0.3725,0.5508,1
0.3958,0.3654,0.7796,0.5502,0
0.6365,0.6425,0.6776,0.345,1
0.4298,0.3659,0.4925,0.5206,0
0.6568,0.7712,0.7777,0.1918,1
0.7593,0.4765,0.6185,0.3915,1
0.558,0.5097,0.4983,0.3029,0
0.4562,0.6095,0.3897,0.3835,0
0.7888,0.5287,0.6837,0.5249,1
0.7486,0.4718,0.4044,0.2381,0
0.6535,0.7335,0.6483,0.2281,1
0.7308,0.6002,0.6954,0.4954,1
0.5857,0.8149,0.6038,0.4373,1
0.6653,0.7846,0.6334,0.2137,1
0.4156,0.5733,0.4773,0.2698,0
0.4108,0.6056,0.4805,0.3506,0
0.4117,0.7675,0.3679,0.5395,0
0.7716,0.6588,0.574,0.354,1
0.6368,0.7469,0.7602,0.3473,1
0.7524,0.6766,0.484,0.3584,1
0.4565,0.3813,0.3789,0.5524,0
0.5437,0.7072,0.571,0.2174,0
0.5013,0.5687,0.5392,0.3777,0
0.4618,0.5359,0.4636,0.3245,0
0.5433,0.6481,0.7062,0.4335,1
0.4213,0.3961,0.6525,0.2656,0
0.7179,0.6768,0.7615,0.5359,1
0.5428,0.6396,0.3939,0.2943,0
0.8289,0.6972,0.5136,0.4063,1
0.8161,0.5024,0.5058,0.496,1
0.7605,0.6823,0.7224,0.4709,1
0.7036,0.6102,0.6342,0.325,1
0.5586,0.528,0.4101,0.228,0
0.8228,0.5895,0.4318,0.192,0
0.4317,0.7682,0.3712,0.4825,0
0.7734,0.7875,0.3402,0.2821,0
0.743,0.4109,0.5025,0.201,0
0.7728,0.7306,0.7095,0.2018,1
0.5963,0.5502,0.6453,0.2341,0
0.5998,0.4869,0.6794,0.3306,0
0.6408,0.4988,0.7078,0.339,0
0.7769,0.5277,0.7738,0.5753,1
0.6094,0.4843,0.5019,0.3644,0
0.8371,0.7516,0.7027,0.1846,1
0.5153,0.6634,0.7372,0.3753,1
0.4496,0.7654,0.7257,0.2505,0
0.7474,0.4785,0.7511,0.1864,0
0.6014,0.815,0.4227,0.3254,0
0.5624,0.3548,0.3411,0.348,0
0.5118,0.8384,0.495,0.1293,0
0.8251,0.7604,0.6265,0.4796,1
0.4687,0.4839,0.7123,0.4349,0
0.4698,0.6929,0.5288,0.1164,0
0.4436,0.4678,0.7137,0.3656,0
0.7358,0.6034,0.3658,0.245,0
0.5446,0.363,0.5134,0.4768,0
0.6153,0.3943,0.7458,0.3854,0
0.4176,0.5962,0.4269,0.1761,0
0.6039,0.6456,0.4257,0.301,0
0.7103,0.3806,0.7776,0.1397,0
0.6486,0.5911,0.7836,0.3627,1
0.5881,0.5722,0.6138,0.5583,1
0.5271,0.3449,0.6866,0.2648,0
0.7433,0.6506,0.6779,0.4437,1
0.5637,0.3583,0.5691,0.4789,0
0.4934,0.7253,0.5294,0.4238,0
0.6994,0.7412,0.3362,0.4602,0
0.6216,0.4818,0.3263,0.1941,0
0.4351,0.8014,0.5521,0.5566,1
0.6611,0.461,0.6658,0.1887,0
0.5779,0.7245,0.7192,0.2528,1
0.4739,0.5177,0.73,0.4412,0
0.821,0.5267,0.7699,0.3268,1
0.6428,0.7951,0.5512,0.4663,1
0.7466,0.3721,0.5905,0.4753,0
0.6654,0.4929,0.3392,0.4002,0
0.5584,0.6332,0.5047,0.4127,0
0.5792,0.3528,0.7172,0.2569,0
0.8707,0.4685,0.7694,0.53,1
0.4558,0.6496,0.4728,0.4617,0
0.7283,0.8069,0.3664,0.3719,1
0.7747,0.3476,0.3296,0.4497,0
0.5885,0.5212,0.569,0.3692,0
0.7297,0.8039,0.4747,0.4411,1
0.6829,0.5938,0.4866,0.3881,0
0.5375,0.3855,0.648,0.3181,0
0.5999,0.6092,0.42,0.2075,0
0.627,0.8262,0.4308,0.5086,1
0.6478,0.389,0.7025,0.2942,0
0.8316,0.5498,0.3347,0.3992,0
0.8082,0.4867,0.4587,0.1146,0
0.6722,0.7722,0.7,0.4114,1
0.8461,0.645,0.6717,0.3172,1
0.4839,0.4263,0.3568,0.446,0
0.4416,0.6025,0.4666,0.4514,0
0.6785,0.6311,0.3302,0.2232,0
0.8806,0.6842,0.5406,0.434,1
0.8018,0.3612,0.7544,0.3749,1
0.6342,0.6641,0.4524,0.4825,0
0.7834,0.6435,0.3737,0.5224,1
0.6274,0.7786,0.3124,0.1343,0
0.5021,0.4052,0.44,0.4027,0
0.5894,0.793,0.7141,0.4648,1
0.547,0.6397,0.5483,0.1324,0
0.571,0.5885,0.5245,0.1517,0
0.8589,0.3985,0.5988,0.4048,1
0.708,0.7423,0.5525,0.4522,1
0.4489,0.3434,0.5893,0.3372,0
0.7296,0.7037,0.4807,0.365,1
0.6612,0.6335,0.4191,0.5104,0
0.6549,0.7219,0.6082,0.2064,0
0.4709,0.3491,0.4898,0.2916,0
0.5303,0.6221,0.4282,0.3985,0
0.7694,0.7488,0.7457,0.1275,1
0.6062,0.5988,0.43,0.2812,0
0.5603,0.4416,0.3227,0.1993,0
0.6133,0.6249,0.3947,0.4631,0
0.5127,0.4806,0.5522,0.2082,0
0.7847,0.5656,0.5213,0.293,0
0.5806,0.3277,0.7273,0.2953,0
0.8773,0.4233,0.4423,0.0853,0
0.6654,0.7565,0.5863,0.2778,1
0.6847,0.7385,0.4785,0.4665,1
0.771,0.6964,0.4466,0.2441,0
0.7007,0.4115,0.5358,0.0929,0
0.6714,0.6959,0.4039,0.5133,1
0.7511,0.3728,0.737,0.2388,0
0.8031,0.4825,0.719,0.4042,1
0.5354,0.5671,0.5076,0.077,0
0.508,0.4787,0.4943,0.2656,0
0.7196,0.5695,0.4237,0.3367,0
0.5203,0.8067,0.6205,0.1916,0
0.599,0.7251,0.5204,0.3792,0
0.583,0.7185,0.441,0.3624,0
0.8895,0.6021,0.646,0.3853,1
0.7586,0.3231,0.4907,0.4958,0
0.8017,0.6975,0.5394,0.3821,1
0.7124,0.3943,0.5634,0.3346,0
0.8288,0.3825,0.5876,0.0633,0
0.8773,0.3632,0.2692,0.1923,0
0.5192,0.6531,0.4564,0.4038,0
0.8657,0.7438,0.6119,0.0752,1
0.5141,0.4107,0.4141,0.3504,0
0.6888,0.4635,0.3405,0.4647,0
0.6068,0.4833,0.6272,0.376,0
0.7427,0.6525,0.5488,0.1321,0
0.5645,0.5844,0.3632,0.4904,0
0.5879,0.4495,0.354,0.3664,0
0.5971,0.479,0.702,0.4073,0
0.5779,0.3651,0.5779,0.2154,0
0.8963,0.713,0.7106,0.4101,1
0.5864,0.4472,0.5945,0.1986,0
0.6551,0.4312,0.481,0.1315,0
0.6988,0.7691,0.5845,0.1009,0
0.7339,0.5955,0.366,0.3452,0
0.6962,0.6207,0.2741,0.2265,0
0.7805,0.3516,0.6181,0.038,0
0.7057,0.7654,0.4428,0.465,1
0.8537,0.5392,0.3425,0.4776,0
0.6034,0.623,0.6818,0.0746,0
0.7176,0.5672,0.5924,0.4636,1
0.8706,0.3868,0.668,0.1129,0
0.8738,0.7974,0.4344,0.2592,1
0.8819,0.7795,0.6876,0.4339,1
0.465,0.582,0.2939,0.4821,0
0.5892,0.7921,0.5024,0.2564,0
0.8839,0.7227,0.4656,0.1171,0
0.5126,0.378,0.4605,0.1461,0
0.5461,0.6646,0.619,0.2882,0
0.8035,0.3836,0.6497,0.439,1
0.8352,0.5531,0.2796,0.3335,0
0.5466,0.3654,0.3926,0.139,0
0.5811,0.4124,0.5983,0.463,0
0.6,0.6557,0.2413,0.3242,0
0.7763,0.3248,0.2918,0.1639,0
0.6473,0.5446,0.664,0.3457,0
0.6052,0.3516,0.6733,0.1571,0
0.7422,0.4021,0.2969,0.0911,0
0.8025,0.595,0.4317,0.2726,0
0.6782,0.5604,0.5501,0.1197,0
0.578,0.6686,0.6497,0.0562,0
0.6681,0.6427,0.2673,0.2774,0
0.4952,0.5642,0.4717,0.2806,0
0.5352,0.454,0.4781,0.0699,0
0.5605,0.5811,0.2712,0.2505,0
0.8323,0.5158,0.4732,0.2252,0
0.4948,0.5198,0.6134,0.3471,0
0.6473,0.6964,0.5833,0.2797,0
0.4898,0.4601,0.2552,0.4703,0
0.8904,0.3219,0.672,0.0269,0
0.6541,0.6714,0.5907,0.4616,1
0.7611,0.4967,0.6989,0.1868,0
0.8621,0.7394,0.4019,0.3243,1
0.769,0.5553,0.5345,0.1695,0
0.5518,0.5538,0.4739,0.3436,0
0.572,0.2865,0.2302,0.1454,0
0.7752,0.5565,0.4738,0.3862,0
0.5838,0.4569,0.35,0.438,0
0.799,0.3398,0.6055,0.1989,0
0.8178,0.7249,0.2237,0.1002,0
0.5188,0.2993,0.5024,0.3282,0
0.4956,0.6524,0.4077,0.1118,0
0.5718,0.7135,0.241,0.2352,0
0.6045,0.6891,0.5642,0.1494,0
0.7437,0.617,0.3662,0.1408,0
0.5395,0.6104,0.3177,0.1396,0
0.5027,0.7541,0.633,0.42,1
0.7573,0.493,0.4479,0.4472,0
0.8996,0.6147,0.5864,0.1459,1
0.6636,0.3532,0.3891,0.3457,0
0.6896,0.7028,0.352,0.3235,0
0.8394,0.735,0.4768,0.4425,1
0.7279,0.3443,0.3227,0.0902,0
0.7684,0.7379,0.6119,0.0385,0
0.8038,0.3715,0.3334,0.3052,0
0.7493,0.7127,0.2941,0.345,0
0.8042,0.5548,0.4331,0.3939,0
0.6284,0.7535,0.2095,0.4244,0
0.9118,0.3332,0.6812,0.2129,0
0.5883,0.5763,0.2988,0.4129,0
0.7279,0.6614,0.3825,0.2368,0
0.6414,0.4039,0.4452,0.2194,0
0.5244,0.7634,0.4236,0.3763,0
0.8917,0.4576,0.3961,0.2481,0
0.5801,0.3447,0.3218,0.4187,0
0.7414,0.4801,0.269,0.1398,0
0.652,0.6876,0.4347,0.2885,0
0.7895,0.3991,0.5886,0.4313,0
0.7704,0.5153,0.2742,0.3518,0
0.5581,0.6297,0.4271,0.4072,0
0.7261,0.5899,0.2201,0.0004,0
0.8634,0.7412,0.5118,0.3357,1
0.6682,0.6894,0.3014,0.3088,0
0.487,0.5205,0.3686,0.2671,0
0.7832,0.5755,0.4206,0.2066,0
0.4864,0.5426,0.1936,0.2251,0
0.6073,0.755,0.1953,0.355,0
0.7873,0.6689,0.623,0.0295,0
0.5275,0.3398,0.2776,0.2218,0
0.8513,0.3985,0.3752,0.1506,0
0.6674,0.5469,0.6592,0.0823,0
0.7927,0.6879,0.4968,0.3725,1
0.827,0.3102,0.3643,0.2314,0
0.5107,0.2677,0.2637,0.2064,0
0.6809,0.6547,0.4522,0.3705,0
0.5288,0.5262,0.2002,0.0725,0
0.8768,0.7054,0.4072,0,0
0.5198,0.7239,0.6099,0.2332,0
0.5014,0.7251,0.3283,0.4156,0
0.751,0.6363,0.5187,0.1559,0
0.5216,0.341,0.2912,0.356,0
0.6624,0.7075,0.3342,0.3191,0
0.5504,0.753,0.5217,0.2012,0
0.9261,0.2852,0.3831,0.356,0
0.6412,0.6424,0.6308,0.1521,0
0.8362,0.2722,0.3029,0.4256,0
0.7091,0.4348,0.6226,0.167,0
0.7944,0.5868,0.2112,0.2523,0
0.8479,0.6125,0.2086,0.0381,0
0.8092,0.5724,0.5235,0.1122,0
0.5371,0.2576,0.3156,0.1315,0
0.6108,0.3208,0.2567,0.1718,0
0.7392,0.4581,0.1786,0.1275,0
0.5317,0.5526,0.3209,0.1413,0
0.6213,0.447,0.205,0.378,0
0.8975,0.7417,0.438,0.0409,0
0.6617,0.3216,0.3072,0.1891,0
0.519,0.469,0.364,0.1844,0
0.5254,0.377,0.2794,0.2486,0
0.7582,0.3485,0.2116,0.1006,0
0.9181,0.4163,0.4571,0.3298,0
0.6396,0.4171,0.55,0.3547,0
0.9299,0.3173,0.3117,0.3945,0
0.5821,0.4059,0.6199,0.4037,0
0.623,0.5958,0.3918,0.2224,0
0.6011,0.4359,0.5472,0.1377,0
0.5435,0.5293,0.4387,0.2073,0
0.7992,0.5219,0.6111,0.1681,0
0.8113,0.4656,0.2926,0.2739,0
0.8613,0.6437,0.3484,0.1843,0
0.7779,0.3664,0.4673,0.283,0
0.8482,0.2819,0.6259,0.1739,0
0.6736,0.4977,0.5913,0.271,0
0.738,0.6393,0.3212,0.3642,0
0.7352,0.5625,0.1886,0.3054,0
0.7896,0.4205,0.4576,0,0
0.9365,0.5812,0.338,0.2968,0
0.9286,0.4572,0.1504,0.069,0
0.724,0.5009,0.4232,0.214,0
0.6949,0.4366,0.5144,0.2196,0
0.7197,0.413,0.1547,0,0
0.6818,0.7209,0.1977,0.3804,0
0.5585,0.3955,0.3598,0.0423,0
0.7122,0.4771,0.3507,0.2671,0
0.6386,0.3887,0.5284,0,0
0.8773,0.562,0.4637,0.0211,0
0.9381,0.3595,0.2216,0.0186,0
0.7474,0.7163,0.2483,0.1307,0
0.5786,0.5568,0.3436,0,0
0.7721,0.3347,0.4196,0.1221,0
0.813,0.3385,0.4957,0.3147,0
0.5241,0.286,0.5523,0.0281,0
0.6428,0.4634,0.2588,0.3384,0
0.7337,0.5536,0.4186,0.2222,0
0.7605,0.4076,0.5371,0.2245,0
0.8626,0.5861,0.2732,0.2226,0
0.5347,0.2996,0.1861,0.0799,0
0.5791,0.5788,0.3739,0.1313,0
0.5589,0.4235,0.2171,0.2307,0
0.809,0.5537,0.607,0.193,0
0.7174,0.3008,0.2772,0.1447,0
0.5213,0.4096,0.13,0,0
0.8641,0.7115,0.3672,0.1639,0
0.8055,0.4369,0.5269,0.1604,0
0.5347,0.244,0.4882,0.0695,0
0.6212,0.4969,0.2028,0.145,0
0.8318,0.6106,0.3851,0,0
0.5491,0.6146,0.5156,0.1023,0
0.868,0.2474,0.4647,0.1843,0
0.9433,0.2773,0.5172,0.2781,0
0.632,0.7252,0.3338,0.0923,0
0.8656,0.4446,0.5942,0.2882,0
0.6048,0.6299,0.3984,0.0922,0
0.8181,0.5405,0.1951,0,0
0.5913,0.327,0.1431,0.0913,0
0.6249,0.4924,0.2691,0.2532,0
0.6287,0.3562,0.5247,0.3822,0
0.8043,0.2697,0.5742,0.2898,0
0.9121,0.7178,0.5274,0,0
0.8885,0.3459,0.4519,0.3084,0
0.8415,0.5586,0.3445,0.1925,0
0.6198,0.4271,0.3257,0.2178,0
0.895,0.266,0.3554,0.0538,0
0.9204,0.4035,0.5632,0.0759,0
0.5002,0.6055,0.4579,0.2611,0
0.7054,0.55,0.2774,0,0
0.7397,0.3264,0.3108,0.0213,0
0.6201,0.6311,0.2659,0.1892,0
0.7541,0.4591,0.2679,0.2368,0
0.5211,0.2657,0.4783,0.1338,0
0.5553,0.6442,0.3131,0,0
0.9306,0.3161,0.4309,0,0
0.792,0.2939,0.5473,0.047,0
0.7941,0.3391,0.2772,0.3362,0
0.5741,0.4115,0.2446,0.2417,0
0.605,0.5406,0.4349,0,0
0.7142,0.2787,0.2048,0.2318,0
0.5039,0.5596,0.4877,0.3731,0
0.6898,0.2774,0.1286,0.0942,0
0.8286,0.262,0.2442,0.3228,0
0.5615,0.597,0.4545,0,0
0.9466,0.2812,0.3468,0,0
0.7923,0.4293,0.4381,0.2051,0
0.568,0.4146,0.42,0.3113,0
0.5389,0.2584,0.4508,0.1864,0
0.6727,0.6893,0.2398,0,0
0.6246,0.2493,0.3536,0.1903,0
0.7734,0.5961,0.4186,0.3039,0
0.7962,0.3569,0.3349,0.1478,0
0.8365,0.3534,0.1117,0.326,0
0.9296,0.4525,0.1388,0.1423,0
0.7673,0.4687,0.5532,0.366,0
0.9203,0.27,0.4962,0.173,0
0.6644,0.545,0.4483,0.3502,0
0.8467,0.2113,0.1138,0.0313,0
0.5179,0.2327,0.4594,0.1433,0
0.7829,0.4525,0.2791,0.2326,0
0.5371,0.4697,0.3746,0.037,0
0.6394,0.4566,0.1756,0.2806,0
0.7414,0.3957,0.3817,0.2923,0
0.8064,0.2329,0.4118,0.2438,0
0.8809,0.2283,0.117,0.1074,0
0.704,0.5032,0.2233,0.2483,0
0.8332,0.258,0.4138,0.2294,0
0.5736,0.6743,0.3242,0.2665,0
0.8242,0.2807,0.1333,0.2652,0
0.6208,0.6399,0.4418,0,0
0.863,0.3322,0.1014,0.2327,0
0.7593,0.2342,0.2884,0.0702,0
0.7246,0.4786,0.2456,0.0215,0
0.5461,0.4816,0.4152,0.0088,0
0.7287,0.2161,0.4817,0.0158,0
0.712,0.385,0.1387,0.3313,0
0.8855,0.4694,0.5045,0.2432,0
0.6883,0.3534,0.2648,0.2334,0
0.6217,0.2309,0.2432,0.1326,0
0.9054,0.2811,0.4495,0.3527,0
0.9288,0.2254,0.2858,0.0307,0
0.8796,0.354,0.3273,0,0
0.5897,0.4717,0.2068,0.1865,0
0.7081,0.4852,0.297,0.2551,0
0.5873,0.639,0.4244,0.012,0
0.5021,0.3933,0.1704,0.0582,0
0.877,0.6263,0.5142,0,0
0.7949,0.6117,0.406,0,0
0.7375,0.3057,0.2923,0,0
0.9477,0.5419,0.1,0.3211,0
0.9027,0.4455,0.3909,0.0683,0
0.9375,0.2275,0.0996,0,0
0.8678,0.2219,0.3255,0.0962,0
0.9327,0.3024,0.1774,0.0407,0
0.8591,0.5338,0.4043,0.0417,0
0.621,0.2203,0.1478,0.2538,0
0.7617,0.2601,0.1286,0.109,0
0.6814,0.4498,0.5119,0,0
0.6371,0.3138,0.1057,0,0
0.807,0.594,0.3818,0,0
0.8744,0.3441,0.0903,0.0073,0
0.6582,0.4364,0.3708,0.0125,0
0.9439,0.1947,0.239,0.1004,0
0.8346,0.3036,0.2659,0.2619,0
0.5608,0.1841,0.4419,0.3437,0
0.5566,0.5894,0.2212,0.1813,0
0.7878,0.4682,0.166,0.2649,0
0.5074,0.2087,0.4741,0.0946,0
0.5555,0.6285,0.4382,0.0428,0
0.5166,0.4059,0.12,0.1539,0
0.8671,0.3724,0.0527,0.2039,0
0.575,0.2817,0.1276,0.018,0
0.8946,0.1911,0.3342,0.002,0
0.6298,0.3793,0.3005,0,0
0.6228,0.2413,0.1312,0.2951,0
0.7334,0.4876,0.4197,0.2535,0
0.9419,0.5626,0.2062,0.138,0
0.7146,0.6274,0.2742,0.0658,0
0.5773,0.33,0.1374,0.2989,0
0.8466,0.1993,0.5075,0.1301,0
0.8412,0.6693,0.4983,0,0
0.7916,0.3022,0.4218,0.3078,0
0.5211,0.6666,0.1345,0.2749,0
0.8546,0.3453,0.4312,0.274,0
0.5749,0.4636,0.4146,0.2058,0
0.9068,0.1809,0.3631,0.3205,0
0.749,0.4478,0.1164,0.3387,0
0.892,0.4118,0.1737,0.1095,0
0.5357,0.2815,0.1296,0.1258,0
0.4953,0.6236,0.1205,0,0
0.8175,0.6235,0.4283,0.0319,0
0.5045,0.4568,0.4625,0.2389,0
0.8755,0.5933,0.4825,0.0543,0
0.9183,0.3602,0.0692,0.0209,0
0.5556,0.2407,0.4753,0.246,0
0.9264,0.4859,0.1028,0.3271,0
0.806,0.6252,0.3962,0,0
0.7588,0.2479,0.1649,0.1976,0
0.5509,0.5241,0.4723,0.317,0
0.6697,0.6563,0.4794,0,0
0.7644,0.6192,0.4798,0,0
0.7476,0.6264,0.0821,0.2226,0
0.6001,0.6487,0.0945,0.2867,0
0.5327,0.5115,0.3199,0.287,0
0.6936,0.2891,0.1321,0,0
0.608,0.2099,0.0122,0.0561,0
0.822,0.6399,0.4355,0.1051,0
0.6625,0.4278,0.0588,0.0986,0
0.8808,0.4798,0.3392,0,0
0.5249,0.5766,0.1502,0.0241,0
0.9198,0.1903,0.0895,0.0499,0
0.8208,0.4262,0.4382,0,0
0.7585,0.4589,0.2381,0,0
0.9151,0.234,0.4327,0,0
0.5364,0.2538,0.0961,0.1969,0
0.8156,0.5154,0.1315,0.0054,0
0.5974,0.1747,0.2779,0.262,0
0.5594,0.3298,0.2079,0.0109,0
0.788,0.4489,0.0978,0,0
0.5668,0.2942,0.0406,0.263,0
0.6284,0.3464,0.2353,0.1787,0
0.5305,0.4192,0.0885,0.2817,0
0.6555,0.3695,0.1254,0.0881,0
0.5909,0.2803,0.0279,0.2199,0
0.7892,0.1884,0.1626,0.1227,0
0.9255,0.4398,0.2626,0.2602,0
0.8567,0.3537,0.2532,0.272,0
0.7019,0.5847,0.224,0,0
0.8943,0.5005,0.2357,0.2869,0
0.848,0.4815,0.2917,0,0
0.8283,0.2286,0.4657,0.3195,0
0.8512,0.2048,0.1957,0.3267,0
0.6831,0.6397,0.2929,0.2555,0
0.603,0.596,0.4299,0,0
0.6613,0.3387,0.1469,0,0
0.6926,0.5762,0.3672,0.1578,0
0.7214,0.3487,0.1879,0,0
0.7506,0.5175,0.4393,0.2962,0
0.739,0.1883,0.1249,0.1169,0
0.6403,0.3427,0.1707,0.0937,0
0.7593,0.1554,0.1183,0,0
0.7589,0.483,0.004,0.2791,0
0.634,0.2544,0.3427,0.2933,0
0.8882,0.1452,0.3764,0.0089,0
0.6105,0.3803,0.3175,0,0
0.8751,0.2011,0.4503,0.0729,0
0.8554,0.2681,0.182,0.1658,0
0.5681,0.2385,0.3767,0.2095,0
0.8251,0.5659,0.3746,0.1055,0
0.5546,0.2873,0.2231,0,0
0.8659,0.5708,0,0,0
0.8573,0.5491,0.0982,0.0779,0
0.8954,0.4824,0.1093,0.2466,0
0.7093,0.4472,0.0366,0,0
0.6494,0.426,0.0617,0.2678,0
0.7456,0.3033,0.0542,0.2787,0
0.8182,0.4723,0.1119,0.0449,0
0.5542,0.4134,0.4375,0.2612,0
0.772,0.4656,0.1029,0.0551,0
0.4894,0.5164,0.3415,0,0
0.8903,0.4493,0.2609,0,0
0.5934,0.5276,0.1183,0.311,0
0.7688,0.3364,0.1517,0.0265,0
0.5927,0.3573,0.2954,0.2451,0
0.6577,0.1746,0.2152,0.1704,0
0.8582,0.31,0.2797,0.1457,0
0.6127,0.1764,0,0.3201,0
0.7664,0.5525,0.093,0.1924,0
0.8794,0.2706,0.039,0.2172,0
0.8824,0.5234,0.3515,0.141,0
0.7745,0.4605,0.3119,0.1663,0
0.9258,0.2493,0.166,0.0433,0
0.4925,0.473,0.239,0,0
0.8033,0.2296,0.2204,0.2255,0
0.884,0.4538,0.2066,0.2532,0
0.854,0.5556,0.0494,0,0
0.533,0.2461,0.3498,0.2149,0
0.5575,0.4561,0.1223,0,0
0.6347,0.4878,0.1079,0.2263,0
0.6236,0.2454,0.101,0.2552,0
0.6859,0.5478,0.2394,0.2979,0
0.5059,0.5587,0.1988,0.2624,0
0.6453,0.2626,0,0.2562,0
0.5351,0.213,0.1538,0.1251,0
0.8809,0.3411,0.1086,0.1922,0
0.8231,0.3556,0.259,0,0
0.7578,0.1136,0.0867,0.213,0
0.5478,0.4929,0.1898,0.2139,0
0.5113,0.4174,0.2583,0.0481,0
0.9057,0.3012,0,0,0
0.6389,0.1161,0.1076,0.2457,0
0.5564,0.4468,0.2531,0,0
0.7824,0.2801,0.0136,0.0386,0
0.7349,0.1909,0.3466,0,0
0.6005,0.4707,0.2368,0.0174,0
0.8689,0.604,0.1144,0.2765,0
0.6306,0.1999,0.4044,0.2842,0
0.6501,0.2193,0.2977,0,0
0.7986,0.3994,0.0292,0.0303,0
0.7606,0.1227,0.3682,0,0
0.7082,0.1278,0.4243,0.166,0
0.7613,0.1128,0.2773,0.0531,0
0.638,0.376,0.1734,0,0
0.7793,0.417,0.0896,0.1656,0
0.7643,0.2362,0.2352,0,0
0.8396,0.1531,0.2889,0,0
0.5167,0.1533,0.0386,0,0
0.5834,0.3611,0.0395,0.1846,0
0.5976,0.1187,0.1804,0,0
0.8842,0.2638,0,0.1698,0
0.8721,0.5155,0.2621,0,0
0.5041,0.3532,0.2877,0,0
0.5784,0.2124,0.4143,0,0
0.6718,0.1461,0.0231,0,0
0.5932,0.4965,0.0887,0.2003,0
0.5048,0.4742,0,0.2524,0
0.7602,0.1798,0.1091,0.0618,0
0.7412,0.5333,0,0.2353,0
0.5433,0.2939,0.3983,0,0
0.6341,0.5182,0.3197,0.1588,0
0.8188,0.1489,0.2694,0,0
0.8839,0.1715,0.1344,0.132,0
0.8204,0.4304,0.0211,0.0349,0
0.6204,0.1051,0.2621,0.2459,0
0.8967,0.1555,0.3748,0,0
0.6433,0.1126,0.058,0.0047,0
0.7749,0.428,0.3003,0.1254,0
0.7117,0.5774,0.2529,0.0157,0
0.6924,0.4382,0,0.1645,0
0.5685,0.2602,0.2549,0.0371,0
0.8338,0.366,0.4039,0,0
0.7454,0.1647,0.3366,0.2519,0
0.8467,0.1231,0.1646,0,0
0.8916,0.1103,0.035,0.1559,0
0.6361,0.2021,0.1479,0.2286,0
0.6558,0.5123,0.1416,0,0
0.6776,0.4102,0,0.0497,0
0.7041,0.083,0,0.1379,0
0.7315,0.2347,0.1695,0,0
0.7547,0.557,0.0993,0,0
0.5524,0.3085,0.1933,0.1451,0
0.6646,0.4093,0.2675,0,0
0.793,0.191,0.0872,0.2418,0
0.8848,0.2256,0.1734,0.183,0
0.471,0.1611,0,0.1898,0
0.7747,0.132,0.2151,0,0
0.8682,0.2744,0.1407,0.2195,0
0.7717,0.1313,0.1198,0.2864,0
0.8256,0.3712,0.291,0.0674,0
0.7446,0.5544,0,0.0896,0
0.6865,0.1,0.3683,0.246,0
0.6647,0.3293,0.361,0,0
0.7073,0.4398,0,0.0385,0
0.7168,0.5154,0.1598,0.0372,0
0.8868,0.5315,0.2833,0,0
0.8792,0.5582,0.1342,0,0
0.6309,0.4224,0.2756,0,0
0.7604,0.5022,0.2576,0.2908,0
0.7289,0.1717,0.215,0,0
0.5992,0.4069,0.386,0.1596,0
0.8746,0.3221,0.2477,0.0089,0
0.4948,0.2457,0.1446,0.1231,0
0.7427,0.2778,0.2725,0.2477,0
0.5707,0.4922,0.3011,0.1012,0
0.4529,0.1406,0.2343,0,0
0.7787,0.1479,0.0497,0,0
0.8183,0.4122,0.0533,0.2076,0
0.4547,0.4733,0,0.2603,0
0.7725,0.4982,0.2671,0.1192,0
0.5461,0.4574,0.2937,0,0
0.7378,0.5279,0.0959,0.3013,0
0.8774,0.2204,0.1744,0,0
0.5509,0.3738,0.2838,0.2616,0
0.8108,0.5187,0.2467,0.1593,0
0.7766,0.3358,0.1977,0.2185,0
0.8703,0.209,0,0.1756,0
0.52,0.1482,0.1538,0.0352,0
0.6282,0.3391,0,0.1304,0
0.5497,0.2255,0.247,0,0
0.5036,0.221,0,0.2908,0
0.711,0.3901,0.1409,0.1254,0
0.5946,0.4506,0.0576,0,0
0.5157,0.0921,0.1471,0.0535,0
0.6741,0.1035,0.0104,0,0
0.5813,0.2373,0.0086,0.2086,0
0.6702,0.5547,0.2987,0.3138,0
0.435,0.3903,0.1168,0.2787,0
0.7067,0.3659,0.3628,0.1767,0
0.5744,0.5127,0.3557,0.0403,0
0.6726,0.1956,0.3391,0.2411,0
0.5977,0.4551,0.1152,0,0
0.8327,0.1494,0.1476,0.2993,0
0.5033,0.5307,0.1587,0,0
0.4569,0.3872,0.2714,0.2613,0
0.6179,0.1034,0.1578,0.1868,0
0.8658,0.4385,0.2097,0.2959,0
0.7621,0.1272,0.1193,0.0163,0
0.4648,0.0769,0.2798,0.1206,0
0.6837,0.1631,0.0223,0.0425,0
0.708,0.2652,0,0.1739,0
0.6646,0.3689,0.1942,0.212,0
0.6869,0.3981,0,0.2913,0
0.4706,0.4405,0.0413,0,0
0.7667,0.2654,0.0859,0.1686,0
0.6351,0.3127,0,0.0447,0
0.7801,0.3183,0.3564,0,0
0.7255,0.502,0.2768,0.2006,0
0.5881,0.5191,0.1605,0.1206,0
0.4751,0.0463,0.1808,0.1125,0
0.8453,0.1956,0.2532,0.2812,0
0.5734,0.249,0.2038,0.1015,0
0.4905,0.1526,0.294,0,0
0.4992,0.4414,0.3021,0.2577,0
0.8366,0.5382,0.1141,0.1191,0
0.5473,0.0742,0,0.2002,0
0.6352,0.2054,0,0.1681,0
0.4604,0.3492,0.3237,0.0129,0
0.6176,0.3471,0.038,0.1356,0
0.6688,0.2206,0.0428,0.0641,0
0.4159,0.1609,0,0.2076,0
0.6095,0.4573,0,0.2046,0
0.8077,0.2681,0.0622,0.0081,0
0.6604,0.1241,0.1808,0.255,0
0.798,0.1056,0.1479,0,0
0.8098,0.0733,0,0,0
0.6387,0.0501,0.168,0.0547,0
0.6754,0.4872,0.1531,0.1185,0
0.8588,0.2695,0.2602,0.037,0
0.5093,0.419,0.2397,0.0028,0
0.6173,0.2876,0.0779,0.1001,0
0.7058,0.4558,0.2743,0.1518,0
0.4817,0.2884,0.101,0,0
0.8334,0.3605,0.351,0.2082,0
0.6235,0.2096,0,0.0942,0
0.4337,0.2144,0,0,0
0.8133,0.2098,0.1111,0.0795,0
0.4251,0.5189,0.0409,0.1942,0
0.6383,0.4429,0.2858,0,0
0.648,0.1144,0.1986,0.039,0
0.6965,0.4447,0.1325,0.0443,0
0.8102,0.2846,0.0536,0.2705,0
0.6204,0.267,0.174,0.1025,0
0.4633,0.1082,0,0.1678,0
0.4954,0.1183,0.0573,0.202,0
0.4528,0.1395,0.2725,0.2036,0
0.6157,0.2632,0,0,0
0.7734,0.0344,0,0.1365,0
0.4703,0.3374,0,0.1362,0
0.4224,0.1513,0,0.314,0
0.6664,0.3034,0,0.2044,0
0.6939,0.1628,0,0.0803,0
0.8422,0.4542,0,0.2559,0
0.6653,0.4173,0.2749,0,0
0.6911,0.1517,0.2285,0.032,0
0.5978,0.3142,0,0.052,0
0.4419,0.1196,0.293,0.1069,0
0.5814,0.0926,0,0.0941,0
0.6685,0.0368,0.2562,0.107,0
0.4442,0.2579,0,0.1533,0
0.7631,0.4647,0.2514,0.1746,0
0.625,0.2009,0,0.1199,0
0.4927,0.4163,0.258,0.0518,0
0.6539,0.3854,0.2443,0.1972,0
0.4322,0.0811,0.1076,0,0
0.7742,0.1552,0.2992,0.0652,0
0.4721,0.3676,0.2571,0.1434,0
0.4394,0.0161,0.1921,0.1942,0
0.528,0.1931,0,0.1778,0
0.4993,0.439,0.0808,0.0465,0
0.5086,0.3512,0.2397,0.0687,0
0.7366,0.2516,0.0548,0.1342,0
0.4975,0.1632,0.0422,0.2037,0
0.7138,0.4368,0.1932,0.2235,0
0.583,0.3585,0,0,0
0.5617,0.1775,0.1406,0.2007,0
0.6989,0.0881,0.3392,0,0
0.4212,0.0799,0.3204,0.0809,0
0.4084,0.1176,0,0,0
0.5519,0.4984,0.1703,0.1209,0
0.6985,0.3044,0.3294,0.2588,0
0.6658,0.2246,0,0.184,0
0.7388,0.1476,0,0.1579,0
0.6085,0.1199,0,0,0
0.4834,0.0037,0,0.3413,0
0.726,0.1796,0.0643,0.1526,0
0.6075,0.371,0,0,0
0.5019,0.4168,0.3135,0.0438,0
0.8067,0.1397,0.1652,0,0
0.7909,0.2884,0,0.0716,0
0.4198,0.0366,0.0151,0.3202,0
0.7326,0.4782,0.2942,0.259,0
0.6293,0.3464,0.3373,0.1443,0
0.7165,0.3776,0.3348,0.0966,0
0.5767,0.2917,0,0,0
0.3991,0.3146,0.3504,0.1976,0
0.4715,0.1551,0.3316,0.1241,0
0.3718,0.4128,0,0,0
0.6699,0.4067,0,0.3157,0
0.5805,0.1725,0.3019,0.0113,0
0.7916,0.3367,0.3093,0.1174,0
0.4546,0.3624,0.2913,0,0
0.4554,0.119,0.1692,0,0
0.4115,0.4537,0.1966,0.1941,0
0.639,0.3752,0.132,0,0
0.5792,0.3029,0.1083,0.3429,0
0.7651,0.4264,0.1075,0.3428,0
0.773,0.1317,0,0.1556,0
0.3845,0.3906,0.1013,0.1394,0
0.5856,0.1874,0.201,0,0
0.7982,0.3391,0.0923,0.2084,0
0.3634,0.0948,0.1503,0.0414,0
0.6332,0.1188,0.1346,0.0012,0
0.5689,0.295,0.0469,0.1219,0
0.4509,0.3383,0.0499,0.2858,0
0.4813,0.0773,0,0.1581,0
0.4576,0.0368,0.0006,0.002,0
0.5486,0.1768,0,0.3351,0
0.4207,0.3887,0,0.1241,0
0.8007,0.41,0.1189,0.2261,0
0.7055,0.1348,0.1405,0.1562,0
0.5307,0.3296,0,0.2698,0
0.5651,0.2987,0.0865,0.0497,0
0.5124,0.2635,0.3178,0.0147,0
0.3582,0.0434,0.2868,0.3396,0
0.4382,0.2702,0.182,0,0
0.6991,0.1593,0.1935,0.1216,0
0.6787,0.4261,0.0533,0.0295,0
0.6308,0.0532,0,0.2697,0
0.4977,0.2959,0.1446,0.289,0
0.3773,0.0607,0,0.0447,0
0.4756,0.1129,0.1796,0.0241,0
0.544,0.4101,0.0445,0.1697,0
0.7776,0.1852,0,0,0
0.6699,0.3087,0.3215,0.2228,0
0.3777,0.0606,0,0,0
0.7364,0.2509,0,0.0839,0
0.6846,0.0178,0,0,0
0.6343,0.4184,0.0185,0.0159,0
0.4668,0.2884,0,0.2883,0
0.3511,0.3064,0.283,0.0525,0
0.5518,0.4616,0.1295,0.0287,0
0.537,0.4584,0.2049,0,0
0.605,0.2887,0.1752,0.1636,0
0.571,0.2924,0.0186,0.0643,0
0.5775,0.3745,0.0821,0.0733,0
0.4509,0.1234,0,0.2805,0
0.7148,0.1431,0.0952,0,0
0.7475,0.4441,0.099,0,0
0.5255,0.1166,0,0,0
0.4993,0.1755,0.1391,0.0888,0
0.4039,0.3377,0.0572,0.0817,0
0.4481,0.1797,0,0.2597,0
0.7385,0.3719,0.1988,0.0394,0
0.6626,0.372,0.0684,0.3015,0
0.4096,0.1119,0.1759,0.1935,0
0.4493,0.278,0,0,0
0.3485,0.2336,0,0,0
0.4465,0.3232,0.2193,0.0178,0
0.3925,0.2119,0.0345,0.0545,0
0.6837,0.4636,0.093,0.2756,0
0.4718,0.3859,0.3273,0,0
0.6716,0,0.0962,0.0009,0
0.7005,0.3718,0.2681,0,0
0.6667,0.0871,0.2408,0.1172,0
0.6523,0,0.0919,0.2685,0
0.5541,0.4527,0.0977,0.2278,0
0.4593,0.1227,0.1728,0,0
0.74,0.2212,0,0.209,0
0.4068,0.404,0.2855,0.0159,0
0.3675,0.2762,0.0268,0,0
0.4402,0.019,0.2499,0,0
0.3341,0.3505,0.0993,0.1914,0
0.4816,0.003,0,0,0
0.5921,0.4232,0.3499,0.2056,0
0.3399,0.2795,0.2081,0.2826,0
0.3689,0.0731,0.3427,0.2817,0
0.652,0.359,0.0822,0.0082,0
0.6209,0.1349,0,0.3333,0
0.5284,0.1741,0.0133,0.2411,0
0.3947,0.0481,0.0388,0.2578,0
0.4325,0.37,0.311,0.1765,0
0.3388,0.0314,0.0141,0.043,0
0.4723,0,0.1785,0.0968,0
0.3898,0,0.2836,0.2798,0
0.413,0.3129,0.1885,0.1713,0
0.4792,0.214,0.1114,0.1775,0
0.58,0.1127,0.1804,0,0
0.5388,0,0.2737,0,0
0.6957,0.0515,0.1059,0,0
0.5588,0.3681,0.1889,0.1677,0
0.6167,0.0775,0.0491,0.2051,0
0.3322,0.4141,0,0.1529,0
0.7,0,0.258,0,0
0.5499,0.4172,0.0733,0.0976,0
0.6169,0.3594,0.0014,0,0
0.329,0.0991,0.3273,0.3708,0
0.3403,0.3092,0.1293,0.0166,0
0.5326,0.0705,0.1744,0.0122,0
0.6322,0.1533,0,0.2242,0
0.4554,0.1746,0.1939,0.337,0
0.3686,0.0349,0.0675,0.0867,0
0.3639,0.4435,0.0875,0.0941,0
0.4338,0.4395,0.0309,0.1035,0
0.6351,0.1586,0.2236,0.2129,0
0.5439,0.0498,0.2429,0.3596,0
0.4041,0.4232,0.0903,0.1167,0
0.6158,0.4334,0.1617,0.1727,0
0.7352,0.0923,0.0201,0.0372,0
0.6725,0,0.2706,0.2529,0
0.4108,0.2173,0.1433,0.3621,0
0.3555,0,0.0472,0.0004,0
0.4503,0.2306,0,0.3104,0
0.3257,0.139,0.3174,0.2756,0
0.6092,0.335,0,0.3182,0
0.5931,0.2262,0.3129,0.2127,0
0.4172,0.3031,0.154,0,0
0.3064,0.3226,0.0446,0.3159,0
0.4679,0.3706,0.2953,0.0448,0
0.5735,0.2374,0,0.2987,0
0.4511,0.0882,0,0.19,0
0.3455,0.1865,0,0,0
0.6066,0.1313,0.0926,0.2165,0
0.5037,0.0454,0.018,0.1247,0
0.3353,0,0.1534,0,0
0.4547,0,0.1202,0.3003,0
0.333,0.0004,0.148,0.1694,0
0.567,0.0306,0.1755,0.2839,0
0.3835,0,0.2529,0.0948,0
0.6878,0,0.2027,0.1414,0
0.4279,0.0915,0.1656,0,0
0.4075,0.4245,0.1765,0.4032,0
0.4686,0.0032,0,0.3247,0
0.3587,0.1167,0.2449,0.3412,0
0.3186,0,0.337,0.3757,0
0.6582,0.3389,0,0.2692,0
0.3165,0.1535,0,0.0467,0
0.5078,0.0299,0.1334,0.0701,0
0.4822,0.2925,0,0.2732,0
0.2724,0.2186,0.2013,0,0
0.34,0.0686,0.2618,0.2372,0
0.2864,0.2535,0,0.1323,0
0.3838,0.3517,0.2004,0.3516,0
0.2695,0.359,0.1956,0.061,0
0.4315,0.4131,0,0.1003,0
0.6494,0.1901,0,0.1861,0
0.4647,0.3871,0,0.0702,0
0.496,0.0902,0.0738,0.0292,0
0.413,0.099,0.1853,0.0662,0
0.6964,0.1732,0.2752,0.246,0
0.6508,0.3673,0.2769,0,0
0.5043,0.0618,0,0.372,0
0.5494,0,0.0699,0.4018,0
0.5286,0.2335,0,0.0711,0
0.3209,0.4056,0.3237,0.1126,0
0.4954,0.0233,0,0.2108,0
0.6107,0.3507,0.0359,0.2867,0
0.4855,0,0.3659,0.4118,0
0.3143,0.3851,0.3284,0.1096,0
